5283446879,hunter1,ROSINA,7455143831,PENDING,NULL,NULL
2440409565,hunter2,TOMMIE,7766006848,PENDING,NULL,NULL
6215220616,hunter3,SELINA,3263918602,PENDING,NULL,NULL
4096471567,hunter4,HILLARY,7247484184,PENDING,NULL,NULL
1761306971,hunter5,RUBY,4988594899,PENDING,NULL,NULL
9746509320,hunter6,CRISTINE,6825181875,PENDING,NULL,NULL
3536009905,hunter7,GONZALO,1523720395,PENDING,NULL,NULL
7799719007,hunter8,SANDRA,2744178983,PENDING,NULL,NULL
3760882604,hunter9,OLIVER,7981515431,PENDING,NULL,NULL
1050379461,hunter10,FREDDIE,9809819748,PENDING,NULL,NULL
1646133436,hunter11,VERA,1161254326,PENDING,NULL,NULL
7566322155,hunter12,DANETTE,2108597710,PENDING,NULL,NULL
8716472890,hunter13,DONTE,6631440140,PENDING,NULL,NULL
8107940772,hunter14,CONCETTA,7415454559,PENDING,NULL,NULL
6366961767,hunter15,BRIDGETT,4454488800,PENDING,NULL,NULL
2597394012,hunter16,REGINE,6982581918,PENDING,NULL,NULL
3030681475,hunter17,JORDON,9457483707,PENDING,NULL,NULL
3680582648,hunter18,KERRY,5199461488,PENDING,NULL,NULL
1928542885,hunter19,LENNA,1697559790,PENDING,NULL,NULL
9789743055,hunter20,KATHERN,3036032840,PENDING,NULL,NULL
4812665976,hunter21,GLADYS,2809483177,PENDING,NULL,NULL
4659038529,hunter22,CATHI,9129952572,PENDING,NULL,NULL
3284433985,hunter23,SLYVIA,3194480492,PENDING,NULL,NULL
2446846228,hunter24,MARIS,3894926376,PENDING,NULL,NULL
3808193035,hunter25,LOUANN,7217440719,PENDING,NULL,NULL
7344740726,hunter26,CAROLA,6540747894,PENDING,NULL,NULL
9108829114,hunter27,PAMELLA,5444002352,PENDING,NULL,NULL
1313209768,hunter28,KATHY,7478227829,PENDING,NULL,NULL
6158976151,hunter29,ELMIRA,1455080277,PENDING,NULL,NULL
4777355973,hunter30,ZULEMA,7195576120,PENDING,NULL,NULL
6867861461,hunter31,SVETLANA,2425074378,PENDING,NULL,NULL
1282246731,hunter32,JUSTIN,4439534769,PENDING,NULL,NULL
8082886073,hunter33,DAVID,6707926697,PENDING,NULL,NULL
1177869921,hunter34,TONDA,9907828427,PENDING,NULL,NULL
3826682817,hunter35,INEZ,7424588774,PENDING,NULL,NULL
4949087094,hunter36,LIGIA,1793072316,PENDING,NULL,NULL
5301961629,hunter37,DARREN,2034172438,PENDING,NULL,NULL
2288500492,hunter38,SHANA,4436594276,PENDING,NULL,NULL
2104897489,hunter39,KANDACE,9162564995,PENDING,NULL,NULL
3032278446,hunter40,SUZETTE,8218694544,PENDING,NULL,NULL
5061762389,hunter41,MARGARETTA,8385694613,PENDING,NULL,NULL
8633883218,hunter42,WILLODEAN,5185380730,PENDING,NULL,NULL
9925160020,hunter43,YOUNG,1064659535,PENDING,NULL,NULL
1572122297,hunter44,EMERSON,7986846911,PENDING,NULL,NULL
2883449119,hunter45,KRYSTIN,3816939426,PENDING,NULL,NULL
8502389860,hunter46,ROY,2566823614,PENDING,NULL,NULL
9013216647,hunter47,GIUSEPPINA,1407860003,PENDING,NULL,NULL
3728428670,hunter48,LAKEESHA,1921972428,PENDING,NULL,NULL
7769081230,hunter49,JOELLE,8150991753,PENDING,NULL,NULL
2752100809,hunter50,CANDIS,5764870382,PENDING,NULL,NULL
8702399764,hunter51,JOANE,8722452563,PENDING,NULL,NULL
1946764353,hunter52,CARYLON,9331639924,PENDING,NULL,NULL
6440973026,hunter53,BUNNY,1294998589,PENDING,NULL,NULL
5382869061,hunter54,PATRICIA,2025320616,PENDING,NULL,NULL
1671561661,hunter55,KARAN,3271823966,PENDING,NULL,NULL
2239807165,hunter56,LYN,8368711325,PENDING,NULL,NULL
5337551657,hunter57,GENEVA,6601216001,PENDING,NULL,NULL
4184076571,hunter58,NELIDA,4536281044,PENDING,NULL,NULL
9402660321,hunter59,ALYSA,6651392033,PENDING,NULL,NULL
3339207726,hunter60,EVELIA,8865149953,PENDING,NULL,NULL
6511009393,hunter61,JODI,6155305516,PENDING,NULL,NULL
7667096936,hunter62,BRITTANY,8422001177,PENDING,NULL,NULL
9382683782,hunter63,MERYL,9548926694,PENDING,NULL,NULL
4513397660,hunter64,DONNETTE,9278615839,PENDING,NULL,NULL
4276148109,hunter65,LINETTE,4640099696,PENDING,NULL,NULL
7922145194,hunter66,DANNIELLE,8366722991,PENDING,NULL,NULL
8794330784,hunter67,GEORGIANN,1490759253,PENDING,NULL,NULL
3918076359,hunter68,ANTONIETTA,9026779962,PENDING,NULL,NULL
5445161535,hunter69,DENAE,2470913686,PENDING,NULL,NULL
7001105623,hunter70,BRANDEN,9909589525,PENDING,NULL,NULL
7940838301,hunter71,OLIMPIA,8961848961,PENDING,NULL,NULL
6448645351,hunter72,TYLER,8149330534,PENDING,NULL,NULL
1249705387,hunter73,WALLY,1227582186,PENDING,NULL,NULL
7921096365,hunter74,JEROMY,8507324490,PENDING,NULL,NULL
6932573978,hunter75,SANTO,4632399882,PENDING,NULL,NULL
7197644682,hunter76,ODILIA,8933929356,PENDING,NULL,NULL
5599454629,hunter77,GERTHA,5018745978,PENDING,NULL,NULL
5407941044,hunter78,JONNIE,9048304439,PENDING,NULL,NULL
3226489753,hunter79,DOTTIE,6549706760,PENDING,NULL,NULL
5785292318,hunter80,LENORE,6869922341,PENDING,NULL,NULL
2155450969,hunter81,KRISTINE,2305522537,PENDING,NULL,NULL
4054383147,hunter82,SOLOMON,7619814497,PENDING,NULL,NULL
5454256934,hunter83,LEANNA,4061125087,PENDING,NULL,NULL
5027509484,hunter84,ARMANDO,1052389615,PENDING,NULL,NULL
9806893210,hunter85,ELFRIEDA,5884538851,PENDING,NULL,NULL
5654791218,hunter86,EPIFANIA,5979688245,PENDING,NULL,NULL
9600881406,hunter87,BART,1922544554,PENDING,NULL,NULL
5633360179,hunter88,PRINCESS,4949166603,PENDING,NULL,NULL
6531627449,hunter89,MICHAL,7184412114,PENDING,NULL,NULL
4096270332,hunter90,KAZUKO,1364199576,PENDING,NULL,NULL
7002824820,hunter91,ANISSA,8516464713,PENDING,NULL,NULL
1882614362,hunter92,AILEEN,5264750326,PENDING,NULL,NULL
8293439693,hunter93,MICHAELA,1765112267,PENDING,NULL,NULL
8335505350,hunter94,HANNA,2975985068,PENDING,NULL,NULL
5823128879,hunter95,FLETCHER,8354758894,PENDING,NULL,NULL
1524193169,hunter96,TONIA,6487549436,PENDING,NULL,NULL
4583365755,hunter97,MAXIMA,3926241368,PENDING,NULL,NULL
8671328500,hunter98,MISTIE,3738944664,PENDING,NULL,NULL
9630776245,hunter99,SYBLE,7073423975,PENDING,NULL,NULL
1457534490,hunter100,KATRICE,9590722192,PENDING,NULL,NULL
9447569829,hunter101,PROVIDENCIA,8628121961,PENDING,NULL,NULL
4734915267,hunter102,MYRNA,3681475088,PENDING,NULL,NULL
7462488670,hunter103,OWEN,1940105876,PENDING,NULL,NULL
9111462224,hunter104,KANDICE,4271887438,PENDING,NULL,NULL
9360962014,hunter105,MARCO,7508677266,PENDING,NULL,NULL
5362680989,hunter106,LOURIE,9615062517,PENDING,NULL,NULL
1277393060,hunter107,ALEXA,4489905029,PENDING,NULL,NULL
4818928718,hunter108,NAN,4063281900,PENDING,NULL,NULL
3103560056,hunter109,CORI,8639452000,PENDING,NULL,NULL
1791359095,hunter110,EMILIA,9612169855,PENDING,NULL,NULL
1028465247,hunter111,BOBBI,7280948909,PENDING,NULL,NULL
2901039994,hunter112,SABRA,2621475350,PENDING,NULL,NULL
4875715156,hunter113,SUMMER,5805708856,PENDING,NULL,NULL
9420409550,hunter114,TERINA,6155517515,PENDING,NULL,NULL
6669384008,hunter115,LYN,6918445670,PENDING,NULL,NULL
8620063049,hunter116,MARIKO,8514546971,PENDING,NULL,NULL
8248664995,hunter117,LOUISA,1518401905,PENDING,NULL,NULL
9723819910,hunter118,KRISTOFER,9730276586,PENDING,NULL,NULL
9291405680,hunter119,MALISA,6434403565,PENDING,NULL,NULL
7638651173,hunter120,TINY,7864663299,PENDING,NULL,NULL
8188482632,hunter121,COY,4669916247,PENDING,NULL,NULL
1761524230,hunter122,AMIEE,3061350074,PENDING,NULL,NULL
7242097275,hunter123,JOSH,5829935233,PENDING,NULL,NULL
3131314854,hunter124,EVELINA,6275284880,PENDING,NULL,NULL
8314340141,hunter125,ELENORA,1730826083,PENDING,NULL,NULL
6140079861,hunter126,PHUNG,6159836264,PENDING,NULL,NULL
1516242194,hunter127,GEARLDINE,8088036441,PENDING,NULL,NULL
1234204919,hunter128,ENOCH,7574775236,PENDING,NULL,NULL
4756109107,hunter129,JESUSITA,5651518164,PENDING,NULL,NULL
4202905612,hunter130,DEVORAH,8835931149,PENDING,NULL,NULL
6928957206,hunter131,KAROLE,1246959350,PENDING,NULL,NULL
8090560351,hunter132,KENETH,4041964627,PENDING,NULL,NULL
2461666430,hunter133,ENOLA,5180380282,PENDING,NULL,NULL
9692300541,hunter134,AZUCENA,4359942207,PENDING,NULL,NULL
3582039032,hunter135,TRISH,4187772722,PENDING,NULL,NULL
1351716510,hunter136,LORAINE,6944270273,PENDING,NULL,NULL
4570885314,hunter137,LAKISHA,4139357846,PENDING,NULL,NULL
3118623661,hunter138,LATANYA,8508746448,PENDING,NULL,NULL
5916783390,hunter139,VALRIE,8634434237,PENDING,NULL,NULL
6627355675,hunter140,IONE,8415255521,PENDING,NULL,NULL
7521131004,hunter141,AIDE,5308033055,PENDING,NULL,NULL
2596432736,hunter142,SHAUNTE,6321945198,PENDING,NULL,NULL
9209997002,hunter143,OLGA,2490669184,PENDING,NULL,NULL
8043722520,hunter144,BLANCHE,3926054828,PENDING,NULL,NULL
9878192541,hunter145,XAVIER,7958978624,PENDING,NULL,NULL
1963040441,hunter146,SHAQUANA,9510124467,PENDING,NULL,NULL
6714646915,hunter147,DIANE,5045183849,PENDING,NULL,NULL
8764814025,hunter148,ADELE,8863879405,PENDING,NULL,NULL
9496925492,hunter149,WILLENA,5759997122,PENDING,NULL,NULL
1581863560,hunter150,LUCIENNE,2607053374,PENDING,NULL,NULL
6772574825,hunter151,DOMITILA,1765210614,PENDING,NULL,NULL
8059096728,hunter152,JORDAN,3020852858,PENDING,NULL,NULL
2507489844,hunter153,BONNY,6712949949,PENDING,NULL,NULL
8351102643,hunter154,PAULENE,8638308034,PENDING,NULL,NULL
8133919911,hunter155,SCARLETT,6368117410,PENDING,NULL,NULL
1253087276,hunter156,ANH,5117724921,PENDING,NULL,NULL
9795910817,hunter157,SHAUNDA,6034238285,PENDING,NULL,NULL
3087706064,hunter158,GRANT,6290728766,PENDING,NULL,NULL
6406382605,hunter159,TREY,3611782013,PENDING,NULL,NULL
5703175276,hunter160,VENICE,7839538808,PENDING,NULL,NULL
7101798874,hunter161,YVONE,4398597430,PENDING,NULL,NULL
6637231098,hunter162,ALONA,5310279375,PENDING,NULL,NULL
8027176464,hunter163,MAURO,1776663420,PENDING,NULL,NULL
1738358605,hunter164,ARLEN,2244126479,PENDING,NULL,NULL
7591411806,hunter165,MARINDA,1765715525,PENDING,NULL,NULL
7772138857,hunter166,JAKE,3130291540,PENDING,NULL,NULL
8401502726,hunter167,KARMA,4125978388,PENDING,NULL,NULL
2379092311,hunter168,NOVA,6819339937,PENDING,NULL,NULL
9780845498,hunter169,GIOVANNA,5088293690,PENDING,NULL,NULL
5184211150,hunter170,JO,8537744097,PENDING,NULL,NULL
1883598691,hunter171,SHAMEKA,4725116234,PENDING,NULL,NULL
5521250989,hunter172,COY,6911216588,PENDING,NULL,NULL
4981993207,hunter173,GEORGINA,7560511724,PENDING,NULL,NULL
7651201554,hunter174,RUFUS,9522135264,PENDING,NULL,NULL
9089895836,hunter175,JULIEANN,9877402700,PENDING,NULL,NULL
2189236846,hunter176,SHERON,4722816087,PENDING,NULL,NULL
9023009658,hunter177,ANNAMARIA,5707467548,PENDING,NULL,NULL
6763493546,hunter178,KELLEY,5319679075,PENDING,NULL,NULL
2628545827,hunter179,ANNALISA,5090550967,PENDING,NULL,NULL
2408557646,hunter180,ROB,6592257524,PENDING,NULL,NULL
6855374848,hunter181,DOROTHY,4539009927,PENDING,NULL,NULL
1433450313,hunter182,STEFANIE,9064959748,PENDING,NULL,NULL
7705547420,hunter183,MIYOKO,7926611537,PENDING,NULL,NULL
6225736169,hunter184,JERRY,1798519049,PENDING,NULL,NULL
9801245272,hunter185,ALVIN,7195485068,PENDING,NULL,NULL
4778308975,hunter186,HORACE,4392853039,PENDING,NULL,NULL
1224942358,hunter187,LON,5307964119,PENDING,NULL,NULL
9412203904,hunter188,DILLON,5714857950,PENDING,NULL,NULL
7617642695,hunter189,LATRISHA,4998269438,PENDING,NULL,NULL
6866883506,hunter190,SIGNE,8795429413,PENDING,NULL,NULL
6939011091,hunter191,SIGRID,1852864804,PENDING,NULL,NULL
5428869346,hunter192,STEPHENIE,4732242479,PENDING,NULL,NULL
8258121034,hunter193,WALLACE,3584562046,PENDING,NULL,NULL
2251004636,hunter194,EARLEEN,1531723059,PENDING,NULL,NULL
5924141360,hunter195,LAEL,1596295451,PENDING,NULL,NULL
4299340866,hunter196,ALI,6008980809,PENDING,NULL,NULL
4197911454,hunter197,DEWITT,5853762469,PENDING,NULL,NULL
5164540759,hunter198,ANASTASIA,8412661379,PENDING,NULL,NULL
2159005500,hunter199,CARLIE,3015333554,PENDING,NULL,NULL
2142321059,hunter200,MONIQUE,2767765400,PENDING,NULL,NULL
